{
  "domain": "era5_multilayer",
  "n_oos": 1538,
  "local": {
    "raw_r": 0.4619670505297526,
    "partial_r": 0.4265915440301492
  },
  "global": {
    "raw_r": 0.2365808300198271
  },
  "gap": {
    "raw_r": 0.17296524540409083,
    "partial_r": 0.1611013617465519
  },
  "local_global_corr": 0.2347397384282443,
  "improvement": -0.26549018228359733
}