{
  "m_train": [
    9,
    10,
    11,
    12,
    15,
    18,
    20,
    21,
    24,
    25,
    27,
    30,
    36,
    45,
    60,
    90,
    150
  ],
  "m_test": [
    7,
    8,
    13,
    33,
    75,
    105,
    120
  ],
  "seed": 0,
  "n_train_states": 42187,
  "n_test_states": 32421,
  "feature_names": [
    "b",
    "e",
    "d",
    "a",
    "C",
    "F",
    "G",
    "phi_b",
    "phi_e",
    "psi_b",
    "psi_e",
    "gcd_b_m",
    "gcd_e_m",
    "is_singularity",
    "m",
    "m_div_3",
    "m_mod_3",
    "m_mod_5",
    "fac_2",
    "fac_3",
    "fac_5",
    "fac_7",
    "fac_11",
    "gcd_b_m_over_k",
    "gcd_e_m_over_k"
  ],
  "models": [
    {
      "model": "qa_full_logreg",
      "macro_f1": 0.3917771636999828,
      "balanced_acc": 0.7167616334283,
      "per_class_recall": {
        "correct": 0.8169515669515669,
        "undercount_missed_sat": 0.3333333333333333,
        "overclaim_false_sat": 1.0
      },
      "rediscover_277_undercount": 0.3333333333333333,
      "rediscover_278_overclaim": 1.0,
      "m8_overclaim_recall": 1.0,
      "m75_undercount_recall": 0.375,
      "n_test": 32421,
      "test_class_counts": {
        "0": 32292,
        "2": 33,
        "1": 96
      },
      "pred_class_counts": {
        "0": 26445,
        "2": 215,
        "1": 5761
      }
    },
    {
      "model": "decision_tree",
      "macro_f1": 0.7438963419485495,
      "balanced_acc": 0.8172560799372394,
      "per_class_recall": {
        "correct": 0.9934349064783847,
        "undercount_missed_sat": 0.4583333333333333,
        "overclaim_false_sat": 1.0
      },
      "rediscover_277_undercount": 0.4583333333333333,
      "rediscover_278_overclaim": 1.0,
      "m8_overclaim_recall": 1.0,
      "m75_undercount_recall": 0.5,
      "n_test": 32421,
      "test_class_counts": {
        "0": 32292,
        "2": 33,
        "1": 96
      },
      "pred_class_counts": {
        "0": 32132,
        "2": 34,
        "1": 255
      }
    }
  ],
  "decision_tree_summary": {
    "depth": 12,
    "node_count": 57,
    "leaf_count": 29,
    "top_importances": [
      [
        "m_mod_3",
        0.49162981467670325
      ],
      [
        "gcd_b_m_over_k",
        0.2822541854006503
      ],
      [
        "gcd_e_m_over_k",
        0.11732398298009897
      ],
      [
        "m_mod_5",
        0.05743780391157356
      ],
      [
        "phi_e",
        0.025909420186364277
      ],
      [
        "fac_5",
        0.011090059508764676
      ],
      [
        "psi_b",
        0.00828335221009043
      ],
      [
        "phi_b",
        0.005109151670388568
      ]
    ]
  },
  "decision_tree_path": "results_v3_1_decision_tree.txt"
}