{"claim_boundary":"Real AhmedML geometry metadata and Cd/Cl force-coefficient smoke only; not full pressure/velocity Fengbo field replication.","continuous":{"cd_mae":0.04577577235846818,"cd_relative_l2":0.22244782118547507,"cl_mae":0.3638893257914015,"cl_relative_l2":1.955026798825,"joint_relative_l2":1.1951471827942102},"elapsed_s":55.80336809158325,"experiment":"pepe_ch5_real_ahmedml_source_smoke","geometry_keys":["body-height","body-length","body-width","front-arc-diameter","slant-angle-degrees","slant-angle-height","slant-angle-length","slant-surface-length"],"moduli":[24,48,72,144,288],"qa":{"144":{"cd_gap_vs_continuous":0.018992544651005694,"cd_mae":0.04975059595019203,"cd_relative_l2":0.24144036583648076,"cl_gap_vs_continuous":-0.2358309959699969,"cl_mae":0.3241164946018466,"cl_relative_l2":1.7191958028550032,"joint_gap_vs_continuous":-0.13813967663014726,"joint_relative_l2":1.057007506164063},"24":{"cd_gap_vs_continuous":0.49524818695737066,"cd_mae":0.17721067638351104,"cd_relative_l2":0.7176960081428457,"cl_gap_vs_continuous":0.6955379783352993,"cl_mae":0.4834055770358858,"cl_relative_l2":2.6505647771602994,"joint_gap_vs_continuous":0.5062128864634139,"joint_relative_l2":1.701360069257624},"288":{"cd_gap_vs_continuous":-0.003163369064115351,"cd_mae":0.043350340545384426,"cd_relative_l2":0.21928445212135972,"cl_gap_vs_continuous":-0.039360689183906006,"cl_mae":0.35853671533240883,"cl_relative_l2":1.915666109641094,"joint_gap_vs_continuous":-0.023906202138949784,"joint_relative_l2":1.1712409806552604},"48":{"cd_gap_vs_continuous":0.11948241737709647,"cd_mae":0.08418481002325287,"cd_relative_l2":0.34193023856257154,"cl_gap_vs_continuous":-0.8248708285529978,"cl_mae":0.17368058201479708,"cl_relative_l2":1.1301559702720023,"joint_gap_vs_continuous":-0.4596089276061509,"joint_relative_l2":0.7355382551880593},"72":{"cd_gap_vs_continuous":0.017323045910649953,"cd_mae":0.05318476413073557,"cd_relative_l2":0.23977086709612502,"cl_gap_vs_continuous":-0.4258830496100854,"cl_mae":0.2809626363358773,"cl_relative_l2":1.5291437492149147,"joint_gap_vs_continuous":-0.251158945904039,"joint_relative_l2":0.9439882368901712}},"run_count":64,"run_ids":[1,2,3,4,5,6,7,8,9,10,11,12,13,14,15,16,17,18,19,20,21,22,23,24,25,26,27,28,29,30,31,32,33,34,35,36,37,38,39,40,41,42,43,44,45,46,47,48,49,50,51,52,53,54,55,56,57,58,59,60,61,62,63,64],"source_summary":{"field_replication_candidates":[{"name":"NVIDIA PhysicsNeMo Ahmed Body","status":"candidate for heavier field/mesh acquisition","url":"https://huggingface.co/datasets/nvidia/PhysicsNeMo-CFD-Ahmed-Body"},{"name":"GINO ShapeNet-Car/FNO data path","status":"candidate for full pressure/velocity Fengbo-style field replication","url":"https://github.com/neuraloperator/GINO"}],"primary_smoke_source":{"files_used":["run_i/geo_parameters_i.csv","run_i/force_mom_i.csv"],"name":"AhmedML CAE benchmark on Hugging Face","url":"https://huggingface.co/datasets/neashton/ahmedml"}},"target_keys":["cd","cl"],"test_count":16,"timestamp_unix":1779156209.856769,"train_count":48,"train_max":{"body-height":314.60921843687373,"body-length":1200.0,"body-width":499.59919839679355,"front-arc-diameter":238.39679358717433,"slant-angle-degrees":64.10046619348715,"slant-angle-height":213.07121643976768,"slant-angle-length":246.201938253052,"slant-surface-length":303.9900811230599},"train_min":{"body-height":250.39078156312624,"body-length":807.2144288577155,"body-width":302.8056112224449,"front-arc-diameter":160.16032064128257,"slant-angle-degrees":6.601636415662965,"slant-angle-height":26.428908261855323,"slant-angle-length":77.05854033971607,"slant-surface-length":104.58045110327015},"verdict":{"joint_gap_m24_to_m288":[0.5062128864634139,-0.4596089276061509,-0.251158945904039,-0.13813967663014726,-0.023906202138949784],"m144_cd_gap_vs_continuous":0.018992544651005694,"m144_cl_gap_vs_continuous":-0.2358309959699969,"m144_joint_gap_vs_continuous":-0.13813967663014726,"status":"PASS_REAL_METADATA_FORCE_SMOKE","success_criterion":"m=144 joint gap <= 0.025, Cd gap <= 0.025, Cl gap <= 0.050, and m=288 gap no worse than m=24"}}
