{"claim_boundary":"Real ShapeNet-Car pressure-field smoke only; not full Fengbo Clifford-FNO and no velocity-field claim.","continuous":{"pca_explained_variance_sum":0.8213127473821699,"pressure_max_sample_relative_l2":2.123419221390912,"pressure_mean_sample_relative_l2":0.6315384961594046,"pressure_median_sample_relative_l2":0.4854700133465215,"pressure_relative_l2":0.8059375307664973},"descriptor_count":38,"descriptor_max_first8":[-0.8803970217704773,0.28100600838661194,-1.861780047416687,0.9017030000686646,1.7096699476242065,2.477989912033081,1.8034240007400513,1.5431034415960312],"descriptor_min_first8":[-0.9017210006713867,0.05978599935770035,-2.477979898452759,0.8814740180969238,1.0343400239944458,1.861780047416687,1.7618710398674011,0.900926023721695],"elapsed_s":0.18790292739868164,"experiment":"pepe_ch5_real_shapenet_pressure_field_smoke","moduli":[24,48,72,144,288],"n_components":12,"pressure_vector_length":3682,"qa":{"144":{"mean_sample_gap_vs_continuous":-0.009712679118781153,"pca_explained_variance_sum":0.8213127473821699,"pressure_gap_vs_continuous":-0.0132844528051842,"pressure_max_sample_relative_l2":2.0826954942605824,"pressure_mean_sample_relative_l2":0.6218258170406235,"pressure_median_sample_relative_l2":0.4894071204022998,"pressure_relative_l2":0.7926530779613131},"24":{"mean_sample_gap_vs_continuous":-0.1174831771035646,"pca_explained_variance_sum":0.8213127473821699,"pressure_gap_vs_continuous":-0.18184380593961746,"pressure_max_sample_relative_l2":1.4548065313846452,"pressure_mean_sample_relative_l2":0.51405531905584,"pressure_median_sample_relative_l2":0.3578598168019341,"pressure_relative_l2":0.6240937248268799},"288":{"mean_sample_gap_vs_continuous":0.0010016768314901059,"pca_explained_variance_sum":0.8213127473821699,"pressure_gap_vs_continuous":0.004961148205581134,"pressure_max_sample_relative_l2":2.1413050931168893,"pressure_mean_sample_relative_l2":0.6325401729908947,"pressure_median_sample_relative_l2":0.4813138231971844,"pressure_relative_l2":0.8108986789720785},"48":{"mean_sample_gap_vs_continuous":-0.028043442843764366,"pca_explained_variance_sum":0.8213127473821699,"pressure_gap_vs_continuous":-0.043078475930563354,"pressure_max_sample_relative_l2":1.9904278676330478,"pressure_mean_sample_relative_l2":0.6034950533156402,"pressure_median_sample_relative_l2":0.4693870259741688,"pressure_relative_l2":0.762859054835934},"72":{"mean_sample_gap_vs_continuous":-0.03130370822470008,"pca_explained_variance_sum":0.8213127473821699,"pressure_gap_vs_continuous":-0.030045699857636055,"pressure_max_sample_relative_l2":2.1291414414265244,"pressure_mean_sample_relative_l2":0.6002347879347045,"pressure_median_sample_relative_l2":0.44307698155986275,"pressure_relative_l2":0.7758918309088613}},"source_summary":{"doi":"10.5281/zenodo.13737721","file_url":"https://zenodo.org/records/13737721/files/processed-car-pressure-data.zip","metadata":{"archive_md5":"05153df0bd3aacdbee4a42eb00074af8","archive_path":"/Users/player3/signal_experiments/experiments/qa_ml/real_fengbo_shapenet_car_cache/processed-car-pressure-data.zip","archive_size_bytes":71414373,"source_record":"https://zenodo.org/records/13737721","source_url":"https://zenodo.org/records/13737721/files/processed-car-pressure-data.zip","watertight_global_bounds":"-0.90252799 0.0066688 -2.85272002\n0.90253001 1.95825005 2.86385012"},"name":"Three-dimensional flow dataset over ShapeNet-Car","record_url":"https://zenodo.org/records/13737721"},"test_count":16,"test_ids":["658","659","660","662","663","664","665","666","667","668","672","673","674","675","676","677"],"timestamp_unix":1779157500.2189791,"train_count":64,"train_ids":["001","002","004","005","006","007","008","010","012","013","017","018","021","022","023","025","026","027","028","029","030","031","032","034","035","039","040","043","044","045","046","047","048","049","050","051","052","054","055","056","058","059","060","061","062","063","064","065","067","069","070","071","072","073","074","075","076","077","078","079","080","081","083","084"],"verdict":{"continuous_pressure_relative_l2":0.8059375307664973,"m144_pressure_gap_vs_continuous":-0.0132844528051842,"m144_pressure_relative_l2":0.7926530779613131,"pressure_abs_gap_m24_to_m288":[0.18184380593961746,0.043078475930563354,0.030045699857636055,0.0132844528051842,0.004961148205581134],"pressure_gap_m24_to_m288":[-0.18184380593961746,-0.043078475930563354,-0.030045699857636055,-0.0132844528051842,0.004961148205581134],"status":"PASS_REAL_PRESSURE_FIELD_SMOKE","success_criterion":"m=144 pressure relative-L2 within +0.03 of continuous and abs(m=288 gap) no worse than abs(m=24 gap)"}}
