{"cells":{"12":{"coord_relative_l2_surface":0.15153982165896038,"coord_relative_l2_volume":0.09898010346395622,"modulus":12,"normal_relative_l2":0.06366914962427205,"pressure_relative_l2":0.023903731352124563,"velocity_relative_l2":0.09898010346395622},"144":{"coord_relative_l2_surface":0.012015416528655105,"coord_relative_l2_volume":0.008817848458799031,"modulus":144,"normal_relative_l2":0.004997751920746045,"pressure_relative_l2":0.001951858473251744,"velocity_relative_l2":0.008817848458799031},"24":{"coord_relative_l2_surface":0.0732494403364257,"coord_relative_l2_volume":0.05290709075279431,"modulus":24,"normal_relative_l2":0.03526268004375995,"pressure_relative_l2":0.011201686243122127,"velocity_relative_l2":0.05290709075279432},"288":{"coord_relative_l2_surface":0.00593221314515911,"coord_relative_l2_volume":0.004124170977664751,"modulus":288,"normal_relative_l2":0.0028192817609059974,"pressure_relative_l2":0.0009686050376266146,"velocity_relative_l2":0.004124170977664739},"48":{"coord_relative_l2_surface":0.032882085393424916,"coord_relative_l2_volume":0.024745025865989038,"modulus":48,"normal_relative_l2":0.01799495467907321,"pressure_relative_l2":0.005604651760389426,"velocity_relative_l2":0.024745025865989027},"72":{"coord_relative_l2_surface":0.021137606350858835,"coord_relative_l2_volume":0.016496683910659452,"modulus":72,"normal_relative_l2":0.009901843197153976,"pressure_relative_l2":0.003332458818470615,"velocity_relative_l2":0.016496683910659463}},"grid_size":32,"moduli":[12,24,48,72,144,288],"n_pressure_surface_points":288,"n_velocity_volume_points":552,"ok":true,"runtime_s":0.022105932235717773,"schema":"QA_ML_PEPE_CH5_QA_FENGBO_PACKET_PARITY.v1","seed":0,"verdict":{"claim_boundary":"packet/decode parity only; no learned Fengbo operator or ShapeNet/Ahmed reproduction","m144_pressure_relative_l2":0.001951858473251744,"m144_velocity_relative_l2":0.008817848458799031,"monotone_pressure":true,"monotone_velocity":true,"status":"PASS_PACKET_PARITY"}}
