{"continuous":{"pressure_relative_l2":1.6926770183231899e-09,"pressure_test_points":1728,"pressure_train_points":5184,"velocity_relative_l2":3.255773560948155e-06,"velocity_test_points":468,"velocity_train_points":1422},"grid_size":32,"moduli":[24,48,72,144,288],"n_shapes":48,"n_test_shapes":12,"n_train_shapes":36,"ok":true,"qa_cells":{"144":{"pressure_gap_vs_continuous":0.0016336894022208031,"pressure_relative_l2":0.0016336910948978214,"pressure_test_points":1728,"pressure_train_points":5184,"velocity_gap_vs_continuous":0.002720218229101883,"velocity_relative_l2":0.002723474002662831,"velocity_test_points":468,"velocity_train_points":1422},"24":{"pressure_gap_vs_continuous":0.008327323928209894,"pressure_relative_l2":0.008327325620886911,"pressure_test_points":1728,"pressure_train_points":5184,"velocity_gap_vs_continuous":0.01833037994338893,"velocity_relative_l2":0.01833363571694988,"velocity_test_points":468,"velocity_train_points":1422},"288":{"pressure_gap_vs_continuous":0.0008554021198864289,"pressure_relative_l2":0.0008554038125634472,"pressure_test_points":1728,"pressure_train_points":5184,"velocity_gap_vs_continuous":0.0014117448626354968,"velocity_relative_l2":0.001415000636196445,"velocity_test_points":468,"velocity_train_points":1422},"48":{"pressure_gap_vs_continuous":0.004787664661010582,"pressure_relative_l2":0.0047876663536876,"pressure_test_points":1728,"pressure_train_points":5184,"velocity_gap_vs_continuous":0.008152735799075158,"velocity_relative_l2":0.008155991572636107,"velocity_test_points":468,"velocity_train_points":1422},"72":{"pressure_gap_vs_continuous":0.0030278700154959966,"pressure_relative_l2":0.003027871708173015,"pressure_test_points":1728,"pressure_train_points":5184,"velocity_gap_vs_continuous":0.005652317669131202,"velocity_relative_l2":0.005655573442692151,"velocity_test_points":468,"velocity_train_points":1422}},"runtime_s":0.6588180065155029,"schema":"QA_ML_PEPE_CH5_QA_FENGBO_OPERATOR_PARITY.v1","seed":0,"verdict":{"claim_boundary":"synthetic mini-Fengbo operator parity only; no ShapeNet/Ahmed or full Clifford FNO claim","continuous_pressure_relative_l2":1.6926770183231899e-09,"continuous_velocity_relative_l2":3.255773560948155e-06,"m144_pressure_gap_vs_continuous":0.0016336894022208031,"m144_pressure_relative_l2":0.0016336910948978214,"m144_velocity_gap_vs_continuous":0.002720218229101883,"m144_velocity_relative_l2":0.002723474002662831,"pressure_gap_monotone_nonincreasing":true,"status":"PASS_OPERATOR_PARITY","velocity_gap_monotone_nonincreasing":true}}
