{"aggregate":{"cga_gcan_continuous":{"final_train_loss":0.008414416806772351,"first_train_loss":0.38551615783944726,"rotation_mean_deg":16.63206905840057,"rotation_median_deg":14.45923946470317,"translation_mean_m":0.1986969880628857,"translation_median_m":0.17417548516232514},"cga_gcan_qa":{"144":{"final_train_loss":0.008778920120676048,"first_train_loss":0.38345258962363005,"rotation_mean_deg":16.60748519024545,"rotation_median_deg":14.48546706349983,"translation_mean_m":0.19844667044201986,"translation_median_m":0.17563906151655362},"24":{"final_train_loss":0.011966873629717156,"first_train_loss":0.3853126438334584,"rotation_mean_deg":16.544707183439144,"rotation_median_deg":14.60020138136488,"translation_mean_m":0.19725814532896216,"translation_median_m":0.17606886243938788},"288":{"final_train_loss":0.008617322717327625,"first_train_loss":0.3855905351229012,"rotation_mean_deg":16.614261859314922,"rotation_median_deg":14.466707914531284,"translation_mean_m":0.19837266126310982,"translation_median_m":0.1738601257769888},"72":{"final_train_loss":0.009390580220497213,"first_train_loss":0.3870320953428745,"rotation_mean_deg":16.59909730204146,"rotation_median_deg":14.551824450367963,"translation_mean_m":0.1973279722188136,"translation_median_m":0.17314417496019846}},"cga_posenet":{"final_train_loss":0.011698311980580911,"first_train_loss":0.3283711653202772,"rotation_mean_deg":16.787509290028996,"rotation_median_deg":14.713725164495841,"translation_mean_m":0.205781695412459,"translation_median_m":0.1775617597160876},"posenet":{"final_train_loss":0.06216810399200767,"first_train_loss":1.436731018126011,"rotation_mean_deg":16.779165660645194,"rotation_median_deg":14.816223925656686,"translation_mean_m":0.23486881219117228,"translation_median_m":0.2145345253979789}},"claim_boundary":"POSE-1 Table 4.2 row on 7-Scenes Heads, with the chain's first faithful Pepe trunk (InceptionV3 ImageNet-V1, frozen, 2048-d Mixed_7c pool). Three head families are compared: PoseNet (Linear 2048->7 = 3 pos + 4 quat), CGAPoseNet (Linear 2048->8 = G(4,0) motor coefficients), CGAPoseNet+GCAN (Linear 2048->P*8 motor proposals -> learned sandwich layer h(M)=W*M*~W + B -> 1 motor). QA-motor parity is asserted on the GCAN proposals via the QA-mod-M quantize/dequantize boundary; targets are observer projections per Theorem NT and are NOT quantized. The headline parity claim is at m=144. Scope is exactly 1 of 13 Table 4.2 rows; remaining 12 (6 7-Scenes + 6 Cambridge Landmarks) need separate dataset acquisition and are deferred. Trunk is frozen (Pepe fine-tunes), so this script answers the QA-vs-continuous-GCAN parity question at matched trunk treatment, not a green Table 4.2 reproduction.","config":{"batch_size":32,"device":"mps","epochs":80,"lr":0.001,"moduli":[24,72,144,288],"n_proposals":64,"n_seeds":3,"seeds":[0,1,2],"test_frames":1000,"train_frames":1000,"weight_decay":0.0001},"elapsed_s":3276.587343931198,"experiment":"pepe_ch4_pose1_table_4_2_inceptionv3_heads","operator":"InceptionV3 (frozen) -> {PoseNet | CGAPoseNet | CGAPoseNet+GCAN} with QA-motor parity on the GCAN proposals","per_seed":[{"cga_gcan_continuous":{"final_train_loss":0.008414416806772351,"first_train_loss":0.42876520985737443,"rotation_mean_deg":16.789041265811488,"rotation_median_deg":14.694578213010399,"translation_mean_m":0.1986969880628857,"translation_median_m":0.17417548516232514},"cga_gcan_qa":{"144":{"final_train_loss":0.008778920120676048,"first_train_loss":0.4277542415075004,"rotation_mean_deg":16.771858637164264,"rotation_median_deg":14.652141999761856,"translation_mean_m":0.19844667044201986,"translation_median_m":0.17563906151655362},"24":{"final_train_loss":0.012092594610294327,"first_train_loss":0.43008121522143483,"rotation_mean_deg":16.652002602349523,"rotation_median_deg":14.56076466732512,"translation_mean_m":0.19725814532896216,"translation_median_m":0.17368753564327333},"288":{"final_train_loss":0.008617322717327625,"first_train_loss":0.4289182033389807,"rotation_mean_deg":16.753257302623858,"rotation_median_deg":14.675456444787638,"translation_mean_m":0.19837266126310982,"translation_median_m":0.1738601257769888},"72":{"final_train_loss":0.009390580220497213,"first_train_loss":0.4285862925462425,"rotation_mean_deg":16.790940479034205,"rotation_median_deg":14.724540125947712,"translation_mean_m":0.1973279722188136,"translation_median_m":0.17314417496019846}},"cga_posenet":{"final_train_loss":0.011698311980580911,"first_train_loss":0.30219329707324505,"rotation_mean_deg":16.787509290028996,"rotation_median_deg":14.713725164495841,"translation_mean_m":0.20524621363158144,"translation_median_m":0.1772331522792208},"posenet":{"final_train_loss":0.061138146091252565,"first_train_loss":1.436731018126011,"rotation_mean_deg":16.87684119873227,"rotation_median_deg":14.816225738012458,"translation_mean_m":0.25173752606354305,"translation_median_m":0.23454729720450118}},{"cga_gcan_continuous":{"final_train_loss":0.008054961755988188,"first_train_loss":0.38551615783944726,"rotation_mean_deg":16.45857565562134,"rotation_median_deg":14.45923946470317,"translation_mean_m":0.19328070833569144,"translation_median_m":0.17328353217455145},"cga_gcan_qa":{"144":{"final_train_loss":0.00842158673913218,"first_train_loss":0.38345258962363005,"rotation_mean_deg":16.475884853924228,"rotation_median_deg":14.48546706349983,"translation_mean_m":0.19289082571921082,"translation_median_m":0.17371429556146073},"24":{"final_train_loss":0.011826232337625697,"first_train_loss":0.3853126438334584,"rotation_mean_deg":16.519144975033214,"rotation_median_deg":14.60020138136488,"translation_mean_m":0.19590657973375067,"translation_median_m":0.17606886243938788},"288":{"final_train_loss":0.008174885806511156,"first_train_loss":0.3855905351229012,"rotation_mean_deg":16.463206950812626,"rotation_median_deg":14.466707914531284,"translation_mean_m":0.19338671345308514,"translation_median_m":0.1728567132738327},"72":{"final_train_loss":0.008937529812101275,"first_train_loss":0.3870320953428745,"rotation_mean_deg":16.509934509067556,"rotation_median_deg":14.551824450367963,"translation_mean_m":0.1928614952225058,"translation_median_m":0.1719925168288514}},"cga_posenet":{"final_train_loss":0.011675783491227776,"first_train_loss":0.32934955414384604,"rotation_mean_deg":16.993476317652284,"rotation_median_deg":15.009435556538758,"translation_mean_m":0.205781695412459,"translation_median_m":0.1800050153334545},"posenet":{"final_train_loss":0.06216810399200767,"first_train_loss":2.112676253542304,"rotation_mean_deg":16.695174082439475,"rotation_median_deg":14.8012350723367,"translation_mean_m":0.23486881219117228,"translation_median_m":0.2145345253979789}},{"cga_gcan_continuous":{"final_train_loss":0.0085839074163232,"first_train_loss":0.3502544709481299,"rotation_mean_deg":16.63206905840057,"rotation_median_deg":14.404546588699084,"translation_mean_m":0.20212907861851334,"translation_median_m":0.17793982373571032},"cga_gcan_qa":{"144":{"final_train_loss":0.00901324104052037,"first_train_loss":0.3495116154663265,"rotation_mean_deg":16.60748519024545,"rotation_median_deg":14.391526215737283,"translation_mean_m":0.2012989875462045,"translation_median_m":0.17708020396005508},"24":{"final_train_loss":0.011966873629717156,"first_train_loss":0.3529571583494544,"rotation_mean_deg":16.544707183439144,"rotation_median_deg":14.612417784183497,"translation_mean_m":0.20285123834304342,"translation_median_m":0.18164436135610168},"288":{"final_train_loss":0.00869256469013635,"first_train_loss":0.35016451962292194,"rotation_mean_deg":16.614261859314922,"rotation_median_deg":14.389693837578001,"translation_mean_m":0.20199177947335792,"translation_median_m":0.17800645065920534},"72":{"final_train_loss":0.009637971656047739,"first_train_loss":0.3506658342666924,"rotation_mean_deg":16.59909730204146,"rotation_median_deg":14.437368891902949,"translation_mean_m":0.20296144988938516,"translation_median_m":0.17845216040008416}},