{
  "m_train": [
    9,
    10,
    12,
    15,
    18,
    20,
    21,
    24,
    25,
    30
  ],
  "m_test": [
    7,
    8,
    11,
    30,
    45,
    75
  ],
  "seed": 0,
  "n_train_states": 3816,
  "n_test_states": 8784,
  "feature_names": [
    "b",
    "e",
    "d",
    "a",
    "C",
    "F",
    "G",
    "phi_b",
    "phi_e",
    "psi_b",
    "psi_e",
    "gcd_b_m",
    "gcd_e_m",
    "is_singularity",
    "m",
    "m_div_3",
    "m_mod_3",
    "m_mod_5",
    "fac_2",
    "fac_3",
    "fac_5",
    "fac_7",
    "fac_11",
    "gcd_b_m_over_k",
    "gcd_e_m_over_k"
  ],
  "models": [
    {
      "model": "qa_full_logreg",
      "macro_f1": 0.3639856233628998,
      "balanced_acc": 0.4750079871505349,
      "per_class_recall": {
        "correct": 0.6589254766031196,
        "undercount_missed_sat": 0.6145833333333334,
        "overclaim_false_sat": 0.15151515151515152
      },
      "rediscover_277_undercount": 0.6145833333333334,
      "rediscover_278_overclaim": 0.2777777777777778,
      "m8_overclaim_recall": 0.0,
      "m75_undercount_recall": 0.03125,
      "n_test": 8784,
      "test_class_counts": {
        "0": 8655,
        "2": 33,
        "1": 96
      },
      "pred_class_counts": {
        "0": 5768,
        "2": 5,
        "1": 3011
      }
    },
    {
      "model": "decision_tree",
      "macro_f1": 0.7376459783777153,
      "balanced_acc": 0.7723859041016753,
      "per_class_recall": {
        "correct": 0.9838243789716926,
        "undercount_missed_sat": 0.3333333333333333,
        "overclaim_false_sat": 1.0
      },
      "rediscover_277_undercount": 0.3333333333333333,
      "rediscover_278_overclaim": 1.0,
      "m8_overclaim_recall": 1.0,
      "m75_undercount_recall": 0.0,
      "n_test": 8784,
      "test_class_counts": {
        "0": 8655,
        "2": 33,
        "1": 96
      },
      "pred_class_counts": {
        "0": 8579,
        "2": 34,
        "1": 171
      }
    }
  ],
  "decision_tree_summary": {
    "depth": 12,
    "node_count": 41,
    "leaf_count": 21,
    "top_importances": [
      [
        "phi_e",
        0.4439137984088521
      ],
      [
        "fac_3",
        0.16326249067229825
      ],
      [
        "m_mod_5",
        0.1338404158344426
      ],
      [
        "phi_b",
        0.11743317848360549
      ],
      [
        "gcd_e_m_over_k",
        0.046299873337700484
      ],
      [
        "psi_b",
        0.033923404916474484
      ],
      [
        "gcd_b_m_over_k",
        0.03202217662188769
      ],
      [
        "gcd_b_m",
        0.014814153512189948
      ]
    ]
  },
  "decision_tree_path": "results_v3_decision_tree.txt"
}