{
  "class_counts": {
    "anatase": 42,
    "calcite": 187,
    "corundum": 137,
    "diamond": 127,
    "graphite": 24,
    "hematite": 53,
    "quartz": 113,
    "rutile": 106,
    "silicon": 16
  },
  "data_root": "qa_lab/qa_data/raman",
  "experiment": "whittaker_phase_packet_raman_probe",
  "label_shuffle_nulls": {
    "phase_features": {
      "max": 0.13781667412107057,
      "mean": 0.10629462012909924,
      "min": 0.08683559174162485,
      "stdev": 0.011296997525696458,
      "values": [
        0.08683559174162485,
        0.1017060921806064,
        0.08827215200357812,
        0.11929641470781498,
        0.09191204079491555,
        0.10809817449931254,
        0.0981647671741183,
        0.10431892976847174,
        0.10083523834766235,
        0.10047915251710371,
        0.10424852706500792,
        0.1280169629101993,
        0.11036189750470732,
        0.10196927405149614,
        0.11312396121501261,
        0.10928984378882502,
        0.10936300738262074,
        0.13781667412107057,
        0.09556179976918956,
        0.11172529417286486,
        0.08937236680084593,
        0.10184399865268552,
        0.10678254123389712,
        0.08683835263195676,
        0.0932754374630731,
        0.10428089850414962,
        0.10182004792905615,
        0.10313002136929117,
        0.09695190805130839,
        0.1092194410853612,
        0.10424997653243218,
        0.13157802828256057,
        0.09677597031490714,
        0.11062086901784086,
        0.11062652884302131,
        0.11298736616584115,
        0.1244939288021601,
        0.10315397209292053,
        0.09809436447065449,
        0.10688386590907835,
        0.11684398484823387,
        0.10420207508517347,
        0.12044453095234152,
        0.10428089850414962,
        0.12422929746384614,
        0.1029582939906461,
        0.12302354763364089,
        0.1116014682414785,
        0.1019833545921889,
        0.09078787527401837
      ]
    },
    "raw_features": {
      "max": 0.14669210827107523,
      "mean": 0.0876787938774496,
      "min": 0.05462663099596358,
      "stdev": 0.017019564582552917,
      "values": [
        0.09703639129546497,
        0.05714656462415999,
        0.07960647649654061,
        0.10297382399876313,
        0.08549324686224813,
        0.08325623547081464,
        0.14669210827107523,
        0.07566116421223516,
        0.06838849592216498,
        0.07316097094991193,
        0.08327873672701973,
        0.09905246243808703,
        0.09706876273460667,
        0.09196125366508191,
        0.0869945500024848,
        0.11151843446474619,
        0.10710059580013363,
        0.08816095714546028,
        0.08821582984080706,
        0.05462663099596358,
        0.08443803457739052,
        0.10934471648417181,
        0.08561852226105875,
        0.1120109772999597,
        0.07706114267729057,
        0.08329412869062015,
        0.0707732839686142,
        0.07571327601725004,
        0.060946861143781644,
        0.1180652646865561,
        0.09936485717914312,
        0.09052890376088481,
        0.07466793391532901,
        0.09664793402576462,
        0.07832045377993495,
        0.08188717897747665,
        0.08317596258441422,
        0.07960081667136018,
        0.07585539284708533,
        0.09318398297082843,
        0.08436763187392671,
        0.08830031308496365,
        0.08694809802265036,
        0.10915469820707781,
        0.07835282521907665,
        0.11432826157779362,
        0.07327216580802977,
        0.10465382576573294,
        0.0744722558130546,
        0.06219630206348944
      ]
    }
  },
  "min_spacing_cm": 8.0,
  "n_folds": 3,
  "n_label_shuffles": 50,
  "n_spectra": 805,
  "n_test": 272,
  "n_train": 533,
  "null_p_values": {
    "phase_features": 0.0196078431372549,
    "raw_features": 0.0196078431372549
  },
  "observer_boundary": "Raman decimal samples are observer input; peak extraction and classification are observer-side. Phase arguments are exact Fraction values; no trig functions are evaluated.",
  "omega_packets": [
    [
      7,
      24,
      0,
      25
    ],
    [
      24,
      7,
      0,
      25
    ],
    [
      1200,
      1200,
      -527,
      1777
    ]
  ],
  "phase_packet_result": {
    "accuracy": 0.5,
    "confusion_top": [
      {
        "n": 29,
        "pred": "quartz",
        "true": "quartz"
      },
      {
        "n": 28,
        "pred": "calcite",
        "true": "calcite"
      },
      {
        "n": 25,
        "pred": "rutile",
        "true": "rutile"
      },
      {
        "n": 18,
        "pred": "diamond",
        "true": "diamond"
      },
      {
        "n": 15,
        "pred": "corundum",
        "true": "corundum"
      },
      {
        "n": 12,
        "pred": "anatase",
        "true": "anatase"
      },
      {
        "n": 12,
        "pred": "hematite",
        "true": "corundum"
      },
      {
        "n": 9,
        "pred": "diamond",
        "true": "calcite"
      },
      {
        "n": 8,
        "pred": "corundum",
        "true": "diamond"
      },
      {
        "n": 6,
        "pred": "rutile",
        "true": "calcite"
      },
      {
        "n": 6,
        "pred": "graphite",
        "true": "diamond"
      },
      {
        "n": 6,
        "pred": "hematite",
        "true": "hematite"
      },
      {
        "n": 6,
        "pred": "calcite",
        "true": "quartz"
      },
      {
        "n": 5,
        "pred": "quartz",
        "true": "calcite"
      },
      {
        "n": 5,
        "pred": "rutile",
        "true": "corundum"
      },
      {
        "n": 5,
        "pred": "diamond",
        "true": "corundum"
      },
      {
        "n": 5,
        "pred": "calcite",
        "true": "diamond"
      },
      {
        "n": 5,
        "pred": "hematite",
        "true": "rutile"
      },
      {
        "n": 4,
        "pred": "hematite",
        "true": "calcite"
      },
      {
        "n": 4,
        "pred": "graphite",
        "true": "calcite"
      }
    ],
    "correct": 136,
    "n_test": 272
  },
  "raw_peak_baseline_result": {
    "accuracy": 0.3897058823529412,
    "confusion_top": [
      {
        "n": 29,
        "pred": "rutile",
        "true": "rutile"
      },
      {
        "n": 27,
        "pred": "quartz",
        "true": "quartz"
      },
      {
        "n": 25,
        "pred": "rutile",
        "true": "corundum"
      },
      {
        "n": 24,
        "pred": "quartz",
        "true": "calcite"
      },
      {
        "n": 18,
        "pred": "calcite",
        "true": "calcite"
      },
      {
        "n": 15,
        "pred": "corundum",
        "true": "calcite"
      },
      {
        "n": 13,
        "pred": "diamond",
        "true": "diamond"
      },
      {
        "n": 10,
        "pred": "anatase",
        "true": "anatase"
      },
      {
        "n": 10,
        "pred": "calcite",
        "true": "diamond"
      },
      {
        "n": 7,
        "pred": "corundum",
        "true": "corundum"
      },
      {
        "n": 7,
        "pred": "rutile",
        "true": "hematite"
      },
      {
        "n": 6,
        "pred": "corundum",
        "true": "diamond"
      },
      {
        "n": 6,
        "pred": "quartz",
        "true": "diamond"
      },
      {
        "n": 6,
        "pred": "rutile",
        "true": "quartz"
      },
      {
        "n": 5,
        "pred": "hematite",
        "true": "diamond"
      },
      {
        "n": 5,
        "pred": "quartz",
        "true": "rutile"
      },
      {
        "n": 4,
        "pred": "silicon",
        "true": "corundum"
      },
      {
        "n": 4,
        "pred": "anatase",
        "true": "corundum"
      },
      {
        "n": 4,
        "pred": "hematite",
        "true": "quartz"
      },
      {
        "n": 3,
        "pred": "silicon",
        "true": "calcite"
      }
    ],
    "correct": 106,
    "n_test": 272
  },